isin;wertpapier;bestand
LU2572257397;AIS-MSCIPECNZAC U.ETFDLD;1171,0
LU0360863863;ARERO - DER WELTFONDS - INHABER-ANTEILE O.N.;1831,977
IE00BJ0KDR00;ETF XTR.(IE) USA;1192,0
LU0322253906;ETF XTR.MSCI Europe Small CAP;1740,0
IE00BQN1K901;ISHSIV-EDGE MSCI EU.VA.F.U.ETF;9844,0
IE00B4WPHX27;L&G-L&G L.Dated all Comm U.ETF;3458,0
IE00BKWQ0M75;SSGA S.ETF E.II-M.EUROP.SM.CAP - REGISTERED SHARES O.N.;0,0
LU0480132876;UBS-ETF-UBS-ETF MSCI E.M.U ETF - INHABER-ANTEILE A O.N.;1702,0
LU0290358497;XTRACKERS II EUR OVER.RATE SW.;1712,897
LU0392495023;X_COMSTA.-MSCI PACIFIC TRN U.ETF - INHABER-ANTEILE I O.N.;0,0
DE000A1CXBV8;X_FS LONG.DATED.ALL COMM.GO U. - BEARER SHARES (DT. ZERT.) O;0,0
DE000A0Q4R02;X_iShares STOXX Utilities Europe 600 (DE);0,0
DE000A0F5UK5;iShares STOXX Basic Resources Europe 600 (DE);118,0
LU0446734369;x_UBS ETF - MSCI EMU VALUE UCITS ETF;0,0
