monat;einzahlungen;auszahlungen;netto
2017-07;40323,46;0,0;40323,46
2017-08;17871,92;0,0;17871,92
2017-09;16399,92;0,0;16399,92
2017-10;25506,89;0,0;25506,89
2017-11;0,0;0,0;0,0
2017-12;9931,07;0,0;9931,07
2018-01;9975,79;0,0;9975,79
2018-02;0,0;0,0;0,0
2018-03;9108,11;2708,16;6399,95
2018-04;0,0;0,0;0,0
2018-05;0,0;0,0;0,0
2018-06;0,0;0,0;0,0
2018-07;0,0;0,0;0,0
2018-08;0,0;0,0;0,0
2018-09;19379,0;3106,88;16272,12
2018-10;0,0;0,0;0,0
2018-11;0,0;0,0;0,0
2018-12;11182,75;11290,67;-107,92
2019-01;0,0;0,0;0,0
2019-02;0,0;0,0;0,0
2019-03;0,0;0,0;0,0
2019-04;10916,42;0,0;10916,42
2019-05;0,0;0,0;0,0
2019-06;0,0;0,0;0,0
2019-07;0,0;0,0;0,0
2019-08;0,0;0,0;0,0
2019-09;0,0;0,0;0,0
2019-10;0,0;0,0;0,0
2019-11;16352,4;0,0;16352,4
2019-12;0,0;0,0;0,0
2020-01;0,0;0,0;0,0
2020-02;0,0;0,0;0,0
2020-03;9736,66;0,0;9736,66
2020-04;0,0;0,0;0,0
2020-05;12186,23;0,0;12186,23
2020-06;0,0;0,0;0,0
2020-07;0,0;0,0;0,0
2020-08;0,0;0,0;0,0
2020-09;18560,24;0,0;18560,24
2020-10;73736,29;0,0;73736,29
2020-11;0,0;0,0;0,0
2020-12;0,0;0,0;0,0
2021-01;0,0;0,0;0,0
2021-02;0,0;0,0;0,0
2021-03;108156,7;0,0;108156,7
2021-04;0,0;0,0;0,0
2021-05;0,0;0,0;0,0
2021-06;0,0;0,0;0,0
2021-07;49917,48;0,0;49917,48
2021-08;50205,1;0,0;50205,1
2021-09;0,0;0,0;0,0
2021-10;50422,23;0,0;50422,23
2021-11;0,0;0,0;0,0
2021-12;0,0;0,0;0,0
2022-01;0,0;0,0;0,0
2022-02;0,0;0,0;0,0
2022-03;0,0;0,0;0,0
2022-04;45324,74;0,0;45324,74
2022-05;0,0;0,0;0,0
2022-06;0,0;0,0;0,0
2022-07;0,0;0,0;0,0
2022-08;0,0;0,0;0,0
2022-09;50844,28;0,0;50844,28
2022-10;0,0;0,0;0,0
2022-11;0,0;0,0;0,0
2022-12;0,0;0,0;0,0
2023-01;0,0;0,0;0,0
2023-02;0,0;0,0;0,0
2023-03;0,0;0,0;0,0
2023-04;49021,73;0,0;49021,73
2023-05;0,0;0,0;0,0
2023-06;0,0;0,0;0,0
2023-07;0,0;0,0;0,0
2023-08;0,0;0,0;0,0
2023-09;0,0;0,0;0,0
2023-10;0,0;0,0;0,0
2023-11;0,0;0,0;0,0
2023-12;0,0;0,0;0,0
2024-01;0,0;0,0;0,0
2024-02;0,0;0,0;0,0
2024-03;40210,98;0,0;40210,98
2024-04;0,0;0,0;0,0
2024-05;0,0;0,0;0,0
2024-06;0,0;0,0;0,0
2024-07;49800,37;0,0;49800,37
2024-08;0,0;0,0;0,0
2024-09;0,0;0,0;0,0
2024-10;0,0;0,0;0,0
2024-11;0,0;0,0;0,0
2024-12;0,0;0,0;0,0
2025-01;0,0;0,0;0,0
2025-02;55015,45;0,0;55015,45
2025-03;44877,56;0,0;44877,56
2025-04;0,0;0,0;0,0
2025-05;0,0;0,0;0,0
2025-06;1000,0;0,0;1000,0
2025-07;1000,0;0,0;1000,0
2025-08;1000,0;0,0;1000,0
2025-09;1000,0;0,0;1000,0
2025-10;46659,86;0,0;46659,86
2025-11;1000,0;0,0;1000,0
2025-12;1000,0;0,0;1000,0
2026-01;1000,0;0,0;1000,0
2026-02;201163,17;0,0;201163,17
2026-03;1000,0;0,0;1000,0
2026-04;1000,0;0,0;1000,0
2026-05;1000,0;0,0;1000,0
2026-06;1000,0;0,0;1000,0
2026-07;116471,16;0,0;116471,16
2026-08;1000,0;0,0;1000,0
