monat;DE000A0F5UK5;DE000A0Q4R02;DE000A1CXBV8;IE00B4WPHX27;IE00BJ0KDR00;IE00BKWQ0M75;IE00BQN1K901;LU0290358497;LU0322253906;LU0360863863;LU0392495023;LU0446734369;LU0480132876;LU2572257397
2017-07;0,0;0,0;0,0;0,0;0,0;0,0;0,0;0,0;0,0;40323,46;0,0;0,0;0,0;0,0
2017-08;0,0;0,0;0,0;0,0;0,0;0,0;0,0;0,0;0,0;50122,47;0,0;0,0;8072,91;0,0
2017-09;0,0;0,0;6996,24;0,0;0,0;0,0;0,0;0,0;0,0;50122,47;0,0;0,0;17476,59;0,0
2017-10;0,0;0,0;6996,24;0,0;18227,48;0,0;0,0;0,0;0,0;50122,47;7279,41;0,0;17476,59;0,0
2017-11;0,0;0,0;6996,24;0,0;18227,48;0,0;0,0;0,0;0,0;50122,47;7279,41;0,0;17476,59;0,0
2017-12;0,0;0,0;6996,24;0,0;18227,48;9931,07;0,0;0,0;0,0;50122,47;7279,41;0,0;17476,59;0,0
2018-01;0,0;0,0;6996,24;0,0;18227,48;9931,07;9975,79;0,0;0,0;50122,47;7279,41;0,0;17476,59;0,0
2018-02;0,0;0,0;6996,24;0,0;18227,48;9931,07;9975,79;0,0;0,0;50122,47;7279,41;0,0;17476,59;0,0
2018-03;0,0;-2708,16;7633,88;0,0;19804,82;11290,67;9975,79;0,0;0,0;54129,21;7945,53;0,0;18337,26;0,0
2018-04;0,0;-2708,16;7633,88;0,0;19804,82;11290,67;9975,79;0,0;0,0;54129,21;7945,53;0,0;18337,26;0,0
2018-05;0,0;-2708,16;7633,88;0,0;19804,82;11290,67;9975,79;0,0;0,0;54129,21;7945,53;0,0;18337,26;0,0
2018-06;0,0;-2708,16;7633,88;0,0;19804,82;11290,67;9975,79;0,0;0,0;54129,21;7945,53;0,0;18337,26;0,0
2018-07;0,0;-2708,16;7633,88;0,0;19804,82;11290,67;9975,79;0,0;0,0;54129,21;7945,53;0,0;18337,26;0,0
2018-08;0,0;-2708,16;7633,88;0,0;19804,82;11290,67;9975,79;0,0;0,0;54129,21;7945,53;0,0;18337,26;0,0
2018-09;0,0;-2708,16;8829,19;0,0;19804,82;11290,67;13193,65;0,0;1077,6;62082,8;9143,83;-3106,88;23073,6;0,0
2018-10;0,0;-2708,16;8829,19;0,0;19804,82;11290,67;13193,65;0,0;1077,6;62082,8;9143,83;-3106,88;23073,6;0,0
2018-11;0,0;-2708,16;8829,19;0,0;19804,82;11290,67;13193,65;0,0;1077,6;62082,8;9143,83;-3106,88;23073,6;0,0
2018-12;0,0;-2708,16;8829,19;0,0;19804,82;0,0;13193,65;0,0;12260,35;62082,8;9143,83;-3106,88;23073,6;0,0
2019-01;0,0;-2708,16;8829,19;0,0;19804,82;0,0;13193,65;0,0;12260,35;62082,8;9143,83;-3106,88;23073,6;0,0
2019-02;0,0;-2708,16;8829,19;0,0;19804,82;0,0;13193,65;0,0;12260,35;62082,8;9143,83;-3106,88;23073,6;0,0
2019-03;0,0;-2708,16;8829,19;0,0;19804,82;0,0;13193,65;0,0;12260,35;62082,8;9143,83;-3106,88;23073,6;0,0
2019-04;0,0;-2708,16;9548,64;0,0;21708,32;0,0;14496,85;0,0;13188,13;66563,1;10151,4;-3106,88;23648,22;0,0
2019-05;0,0;-2708,16;9548,64;0,0;21708,32;0,0;14496,85;0,0;13188,13;66563,1;10151,4;-3106,88;23648,22;0,0
2019-06;0,0;-2708,16;9548,64;0,0;21708,32;0,0;14496,85;0,0;13188,13;66563,1;10151,4;-3106,88;23648,22;0,0
2019-07;0,0;-2708,16;9548,64;0,0;21708,32;0,0;14496,85;0,0;13188,13;66563,1;10151,4;-3106,88;23648,22;0,0
2019-08;0,0;-2708,16;9548,64;0,0;21708,32;0,0;14496,85;0,0;13188,13;66563,1;10151,4;-3106,88;23648,22;0,0
2019-09;0,0;-2708,16;9548,64;0,0;21708,32;0,0;14496,85;0,0;13188,13;66563,1;10151,4;-3106,88;23648,22;0,0
2019-10;0,0;-2708,16;9548,64;0,0;21708,32;0,0;14496,85;0,0;13188,13;66563,1;10151,4;-3106,88;23648,22;0,0
2019-11;0,0;-2708,16;10849,28;0,0;23268,83;1473,62;16190,61;0,0;13188,13;72215,5;11023,4;-3106,88;27447,69;0,0
2019-12;0,0;-2708,16;10849,28;0,0;23268,83;1473,62;16190,61;0,0;13188,13;72215,5;11023,4;-3106,88;27447,69;0,0
2020-01;0,0;-2708,16;10849,28;0,0;23268,83;1473,62;16190,61;0,0;13188,13;72215,5;11023,4;-3106,88;27447,69;0,0
2020-02;0,0;-2708,16;10849,28;0,0;23268,83;1473,62;16190,61;0,0;13188,13;72215,5;11023,4;-3106,88;27447,69;0,0
2020-03;0,0;-2708,16;11791,31;0,0;24013,27;1473,62;17441,87;0,0;13188,13;76718,68;12040,6;-3106,88;28726,24;0,0
2020-04;0,0;-2708,16;11791,31;0,0;24013,27;1473,62;17441,87;0,0;13188,13;76718,68;12040,6;-3106,88;28726,24;0,0
2020-05;0,0;-2708,16;11791,31;877,8;24013,27;1473,62;19985,0;0,0;15888,97;80397,31;12040,6;-3106,88;31112,07;0,0
2020-06;0,0;-2708,16;11791,31;877,8;24013,27;1473,62;19985,0;0,0;15888,97;80397,31;12040,6;-3106,88;31112,07;0,0
2020-07;0,0;-2708,16;11791,31;877,8;24013,27;1473,62;19985,0;0,0;15888,97;80397,31;12040,6;-3106,88;31112,07;0,0
2020-08;0,0;-2708,16;11791,31;877,8;24013,27;1473,62;19985,0;0,0;15888,97;80397,31;12040,6;-3106,88;31112,07;0,0
2020-09;0,0;-2708,16;11791,31;2060,18;26835,45;1473,62;21997,55;0,0;16485,65;88645,31;14279,13;-3106,88;32571,99;0,0
2020-10;0,0;-2708,16;11791,31;6352,9;37984,84;1473,62;28118,55;0,0;22656,32;119410,33;18753,93;-3106,88;43334,68;0,0
2020-11;0,0;-2708,16;11791,31;6352,9;37984,84;1473,62;28118,55;0,0;22656,32;119410,33;18753,93;-3106,88;43334,68;0,0
2020-12;0,0;-2708,16;11791,31;6352,9;37984,84;1473,62;28118,55;0,0;22656,32;119410,33;18753,93;-3106,88;43334,68;0,0
2021-01;0,0;-2708,16;11791,31;6352,9;37984,84;1473,62;28118,55;0,0;22656,32;119410,33;18753,93;-3106,88;43334,68;0,0
2021-02;0,0;-2708,16;11791,31;6352,9;37984,84;1473,62;28118,55;0,0;22656,32;119410,33;18753,93;-3106,88;43334,68;0,0
2021-03;0,0;-2708,16;11791,31;11103,5;49479,19;1473,62;31478,55;0,0;26509,12;188711,0;22960,68;-3106,88;54526,21;0,0
2021-04;0,0;-2708,16;11791,31;11103,5;49479,19;1473,62;31478,55;0,0;26509,12;188711,0;22960,68;-3106,88;54526,21;0,0
2021-05;0,0;-2708,16;11791,31;11103,5;49479,19;1473,62;31478,55;0,0;26509,12;188711,0;22960,68;-3106,88;54526,21;0,0
2021-06;0,0;-2708,16;11791,31;11103,5;49479,19;1473,62;31478,55;0,0;26509,12;188711,0;22960,68;-3106,88;54526,21;0,0
2021-07;0,0;-2708,16;11791,31;14171,87;59232,84;1473,62;38686,55;0,0;32522,12;191702,78;29831,36;-3106,88;68538,21;0,0
2021-08;0,0;-2708,16;11791,31;16263,96;65594,64;1473,62;42325,0;0,0;35597,12;212533,1;32900,92;-3106,88;79676,09;0,0
2021-09;0,0;-2708,16;11791,31;16263,96;65594,64;1473,62;42325,0;0,0;35597,12;212533,1;32900,92;-3106,88;79676,09;0,0
2021-10;0,0;-2708,16;11791,31;16263,96;73156,04;1473,62;46538,16;0,0;40924,13;234946,68;36087,81;-3106,88;87396,28;0,0
2021-11;0,0;-2708,16;11791,31;16263,96;73156,04;1473,62;46538,16;0,0;40924,13;234946,68;36087,81;-3106,88;87396,28;0,0
2021-12;0,0;-2708,16;11791,31;16263,96;73156,04;1473,62;46538,16;0,0;40924,13;234946,68;36087,81;-3106,88;87396,28;0,0
2022-01;0,0;-2708,16;11791,31;16263,96;73156,04;1473,62;46538,16;0,0;40924,13;234946,68;36087,81;-3106,88;87396,28;0,0
2022-02;0,0;-2708,16;11791,31;16263,96;73156,04;1473,62;46538,16;0,0;40924,13;234946,68;36087,81;-3106,88;87396,28;0,0
2022-03;0,0;-2708,16;11791,31;16263,96;73156,04;1473,62;46538,16;0,0;40924,13;234946,68;36087,81;-3106,88;87396,28;0,0
2022-04;0,0;-2708,16;11791,31;16263,96;74574,44;1473,62;49891,56;0,0;49738,61;249935,23;39682,09;-3106,88;100551,91;0,0
2022-05;0,0;-2708,16;11791,31;16263,96;74574,44;1473,62;49891,56;0,0;49738,61;249935,23;39682,09;-3106,88;100551,91;0,0
2022-06;0,0;-2708,16;11791,31;16263,96;74574,44;1473,62;49891,56;0,0;49738,61;249935,23;39682,09;-3106,88;100551,91;0,0
2022-07;0,0;-2708,16;11791,31;16263,96;74574,44;1473,62;49891,56;0,0;49738,61;249935,23;39682,09;-3106,88;100551,91;0,0
2022-08;0,0;-2708,16;11791,31;16263,96;74574,44;1473,62;49891,56;0,0;49738,61;249935,23;39682,09;-3106,88;100551,91;0,0
2022-09;0,0;-2708,16;11791,31;16263,96;80846,43;1473,62;53947,99;0,0;59285,81;266453,05;43890,21;-3106,88;110794,63;0,0
2022-10;0,0;-2708,16;11791,31;16263,96;80846,43;1473,62;53947,99;0,0;59285,81;266453,05;43890,21;-3106,88;110794,63;0,0
2022-11;0,0;-2708,16;11791,31;16263,96;80846,43;1473,62;53947,99;0,0;59285,81;266453,05;43890,21;-3106,88;110794,63;0,0
2022-12;0,0;-2708,16;11791,31;16263,96;80846,43;1473,62;53947,99;0,0;59285,81;266453,05;43890,21;-3106,88;110794,63;0,0
2023-01;0,0;-2708,16;11791,31;16263,96;80846,43;1473,62;53947,99;0,0;59285,81;266453,05;43890,21;-3106,88;110794,63;0,0
2023-02;0,0;-2708,16;11791,31;16263,96;80846,43;1473,62;53947,99;0,0;59285,81;266453,05;43890,21;-3106,88;110794,63;0,0
2023-03;0,0;-2708,16;11791,31;16263,96;80846,43;1473,62;53947,99;0,0;59285,81;266453,05;43890,21;-3106,88;110794,63;0,0
2023-04;0,0;-2708,16;11791,31;16263,96;90716,05;1473,62;53947,99;0,0;59285,81;291972,55;43890,21;-3106,88;124427,24;0,0
2023-05;0,0;-2708,16;11791,31;16263,96;90716,05;1473,62;53947,99;0,0;59285,81;291972,55;43890,21;-3106,88;124427,24;0,0
2023-06;0,0;-2708,16;11791,31;16263,96;90716,05;1473,62;53947,99;0,0;59285,81;291972,55;43890,21;-3106,88;124427,24;0,0
2023-07;0,0;-2708,16;11791,31;16263,96;90716,05;1473,62;53947,99;0,0;59285,81;291972,55;43890,21;-3106,88;124427,24;0,0
2023-08;0,0;-2708,16;11791,31;16263,96;90716,05;1473,62;53947,99;0,0;59285,81;291972,55;43890,21;-3106,88;124427,24;0,0
2023-09;0,0;-2708,16;11791,31;16263,96;90716,05;1473,62;53947,99;0,0;59285,81;291972,55;43890,21;-3106,88;124427,24;0,0
2023-10;0,0;-2708,16;11791,31;16263,96;90716,05;1473,62;53947,99;0,0;59285,81;291972,55;43890,21;-3106,88;124427,24;0,0
2023-11;0,0;-2708,16;11791,31;16263,96;90716,05;1473,62;53947,99;0,0;59285,81;291972,55;43890,21;-3106,88;124427,24;0,0
2023-12;0,0;-2708,16;11791,31;16263,96;90716,05;1473,62;53947,99;0,0;59285,81;291972,55;43890,21;-3106,88;124427,24;0,0
2024-01;0,0;-2708,16;11791,31;16263,96;90716,05;1473,62;53947,99;0,0;59285,81;291972,55;43890,21;-3106,88;124427,24;0,0
2024-02;0,0;-2708,16;11791,31;16263,96;90716,05;1473,62;53947,99;0,0;59285,81;291972,55;43890,21;-3106,88;124427,24;0,0
2024-03;0,0;-2708,16;11791,31;22261,13;90716,05;1473,62;54804,37;0,0;63138,77;310931,52;43890,21;-3106,88;131261,14;3711,6
2024-04;0,0;-2708,16;11791,31;22261,13;90716,05;1473,62;54804,37;0,0;63138,77;310931,52;43890,21;-3106,88;131261,14;3711,6
2024-05;0,0;-2708,16;11791,31;22261,13;90716,05;1473,62;54804,37;0,0;63138,77;310931,52;43890,21;-3106,88;131261,14;3711,6
2024-06;0,0;-2708,16;11791,31;22261,13;90716,05;1473,62;54804,37;0,0;63138,77;310931,52;43890,21;-3106,88;131261,14;3711,6
2024-07;0,0;-2708,16;11791,31;27546,95;90716,05;1473,62;57146,42;0,0;65538,37;335996,09;43890,21;-3106,88;140531,97;9149,1
2024-08;0,0;-2708,16;11791,31;27546,95;90716,05;1473,62;57146,42;0,0;65538,37;335996,09;43890,21;-3106,88;140531,97;9149,1
2024-09;0,0;-2708,16;11791,31;27546,95;90716,05;1473,62;57146,42;0,0;65538,37;335996,09;43890,21;-3106,88;140531,97;9149,1
2024-10;0,0;-2708,16;11791,31;27546,95;90716,05;1473,62;57146,42;0,0;65538,37;335996,09;43890,21;-3106,88;140531,97;9149,1
2024-11;0,0;-2708,16;11791,31;27546,95;90716,05;1473,62;57146,42;0,0;65538,37;335996,09;43890,21;-3106,88;140531,97;9149,1
2024-12;0,0;-2708,16;11791,31;27546,95;90716,05;1473,62;57146,42;0,0;65538,37;335996,09;43890,21;-3106,88;140531,97;9149,1
2025-01;0,0;-2708,16;11791,31;27546,95;90716,05;1473,62;57146,42;0,0;65538,37;335996,09;43890,21;-3106,88;140531,97;9149,1
2025-02;0,0;-2708,16;11791,31;27546,95;90716,05;1473,62;57146,42;0,0;65538,37;391011,54;43890,21;-3106,88;140531,97;9149,1
2025-03;0,0;-2708,16;11791,31;27546,95;90716,05;1473,62;57146,42;0,0;82897,72;391011,54;43890,21;-3106,88;168050,18;9149,1
2025-04;0,0;-2708,16;11791,31;27546,95;90716,05;1473,62;57146,42;0,0;82897,72;391011,54;43890,21;-3106,88;168050,18;9149,1
2025-05;0,0;-2708,16;11791,31;27546,95;90716,05;1473,62;57146,42;0,0;82897,72;391011,54;43890,21;-3106,88;168050,18;9149,1
2025-06;0,0;-2708,16;11791,31;27546,95;90716,05;1473,62;57146,42;0,0;82897,72;392011,54;43890,21;-3106,88;168050,18;9149,1
2025-07;0,0;-2708,16;11791,31;27546,95;90716,05;1473,62;57146,42;0,0;82897,72;393011,54;43890,21;-3106,88;168050,18;9149,1
2025-08;0,0;-2708,16;11791,31;27546,95;90716,05;1473,62;57146,42;0,0;82897,72;394011,54;43890,21;-3106,88;168050,18;9149,1
2025-09;0,0;-2708,16;11791,31;27546,95;90716,05;1473,62;57146,42;0,0;82897,72;395011,54;43890,21;-3106,88;168050,18;9149,1
2025-10;0,0;-2708,16;11791,31;38923,59;99067,61;1473,62;61485,19;0,0;82897,72;406184,78;43890,21;-3106,88;168050,18;20568,75
2025-11;0,0;-2708,16;11791,31;38923,59;99067,61;1473,62;61485,19;0,0;82897,72;407184,78;43890,21;-3106,88;168050,18;20568,75
2025-12;0,0;-2708,16;11791,31;38923,59;99067,61;1473,62;61485,19;0,0;82897,72;408184,78;43890,21;-3106,88;168050,18;20568,75
2026-01;0,0;-2708,16;11791,31;38923,59;99067,61;1473,62;61485,19;0,0;82897,72;409184,78;43890,21;-3106,88;168050,18;20568,75
2026-02;0,0;-2708,16;11791,31;38923,59;99067,61;1473,62;61485,19;200163,17;82897,72;410184,78;43890,21;-3106,88;168050,18;20568,75
2026-03;0,0;-2708,16;11791,31;38923,59;99067,61;1473,62;61485,19;201163,17;82897,72;410184,78;43890,21;-3106,88;168050,18;20568,75
2026-04;0,0;-2708,16;11791,31;38923,59;99067,61;1473,62;61485,19;202163,17;82897,72;410184,78;43890,21;-3106,88;168050,18;20568,75
2026-05;0,0;-2708,16;11791,31;38923,59;99067,61;1473,62;61485,19;203163,17;82897,72;410184,78;43890,21;-3106,88;168050,18;20568,75
2026-06;0,0;-2708,16;11791,31;38923,59;99067,61;1473,62;61485,19;204163,17;82897,72;410184,78;43890,21;-3106,88;168050,18;20568,75
2026-07;0,0;-2708,16;11791,31;42744,98;111682,67;1473,62;64332,75;252759,05;90765,56;445975,87;43890,21;-3106,88;168050,18;25501,09
2026-08;0,0;-2708,16;11791,31;42744,98;111682,67;1473,62;64332,75;253759,05;90765,56;445975,87;43890,21;-3106,88;168050,18;25501,09
