isin;wertpapier;aktiv;ticker
DE0005190003;X_BMW AG St.;0;
DE0006231004;X_Infineon Technologies AG O.N.;0;
DE0007100000;Y_Daimlerchrysler AG O.N.;0;
DE0008430026;X_MUENCH.RUECKVERS.VNA O.N.;0;
DE000A0F5UK5;iShares STOXX Basic Resources Europe 600 (DE);1;
DE000A0Q4R02;X_iShares STOXX Utilities Europe 600 (DE);1;
DE000A1CXBV8;X_FS LONG.DATED.ALL COMM.GO U. - BEARER SHARES (DT. ZERT.) O;1;
DE000ETFL045;X_Deka STOXX Europe Strong Value 20 UCITS ETF;0;
DE000ETFL235;X_Deka DAXplus Maximum Dividend UCITS ETF;0;
FR0000120271;X_Total S.A.;0;
FR0010378604;X_Lyxor UCITS ETF STOXX Europe Select Divide;0;
FR0010967323;X_LYXOR MU (FR) - UCITS ETF IBOXX $ LIQUID EM SOVEREIGNS;0;
GB0009252882;X_GlaxoSmithKline PLC;0;
GB00B019KW72;X_SAINSBURY plc (J);0;
IE00B0M63060;X_iShares UK Dividend (DE) UCITS ETF;0;
IE00B4PY7Y77;X_iShares USD High Yield Corporate Bond UCITS ETF;0;
IE00B4WPHX27;L&G-L&G L.Dated all Comm U.ETF;1;
IE00B9CQXS71;X_SPDR S&P GLOB.DIV.ARISTOR.ETF;0;
IE00BJ0KDR00;ETF XTR.(IE) USA;1;
IE00BKWQ0M75;SSGA S.ETF E.II-M.EUROP.SM.CAP - REGISTERED SHARES O.N.;1;
IE00BQN1K901;ISHSIV-EDGE MSCI EU.VA.F.U.ETF;1;
KYG393871085;GLOBALFOUNDRIES INC.;0;
LU0114760746;Y_FTIF TEM GROWTH (EURO) A - NAMENS-ANTEILE A (ACC.)O.N.;0;
LU0161535835;Y_SWISSCA(LU) PF GREEN INV E A - INHABER-ANTEILE AA O.N.;0;
LU0290358497;XTRACKERS II EUR OVER.RATE SW.;1;
LU0292096186;X_DB.X-t.STOXX GL.SE.DIV.100 SE;0;
LU0322253906;ETF XTR.MSCI Europe Small CAP;1;
LU0360863863;ARERO - DER WELTFONDS - INHABER-ANTEILE O.N.;1;
LU0392495023;X_COMSTA.-MSCI PACIFIC TRN U.ETF - INHABER-ANTEILE I O.N.;1;
LU0446734369;x_UBS ETF - MSCI EMU VALUE UCITS ETF;1;
LU0480132876;UBS-ETF-UBS-ETF MSCI E.M.U ETF - INHABER-ANTEILE A O.N.;1;
LU0832436512;X_LYXOR MU (LU) - SG Global Quality Income NTR UCITS ETF;0;
LU2572257397;AIS-MSCIPECNZAC U.ETFDLD;1;
